beta,integrity,agency_deviation,conflict_samples
2.0,0.9645475452497857,0.7944587827603363,4006
4.0,0.9895223065335548,0.8168712112701795,3937
6.0,0.9949451580752824,0.8230101548038805,3974
8.0,0.9965524323805074,0.8230269145908763,3975
