beta,integrity,agency_deviation,conflict_samples
2.0,0.18996392927449837,0.018452302433580283,3956
4.0,0.1909547738041475,0.01658291450770317,3980
6.0,0.18962477965247304,0.015361369931999597,3971
8.0,0.19061399094111725,0.018621036738802214,3974
