beta,integrity,agency_deviation,conflict_samples
2.0,0.9608895220271441,0.8637584211697837,6231
4.0,0.9894047610813786,0.8921414225984781,6147
6.0,0.9952907798398982,0.9030685869441367,6169
8.0,0.997750001029175,0.8958188495307664,6168
