beta,integrity,agency_deviation,conflict_samples
2.0,0.035452454750213476,0.20554121723966357,4006
4.0,0.010477693466445467,0.18312878872982094,3937
6.0,0.0050548419247172975,0.17698984519611952,3974
8.0,0.003447567619492835,0.17697308540912352,3975
