{
  "mae_mean": 0.004522754464847319,
  "top1_agree": 0.7671641791044777,
  "top2_agree": 0.8,
  "delta_fairness": 0.00013546527965438426,
  "delta_agency": 0.0033896081592219574,
  "delta_flip": 0.0034911610031888307,
  "flip_fast": 0.20385746131231222,
  "flip_strict": 0.20734862231550105
}