{
  "mae_mean": 0.020185894011067036,
  "top1_agree": 0.3058823529411765,
  "top2_agree": 0.2823529411764706,
  "delta_fairness": 0.026244181023060358,
  "delta_agency": 0.0012364558540179926,
  "delta_flip": 0.02207439835279007,
  "flip_fast": 0.33772549019607845,
  "flip_strict": 0.3156510918432884
}