{
  "mae_mean": 0.02381457508937087,
  "top1_agree": 0.26618705035971224,
  "top2_agree": 0.22302158273381295,
  "delta_fairness": 0.1044803796840418,
  "delta_agency": 0.08108586261937434,
  "delta_flip": 0.12130735089122888,
  "flip_fast": 0.3263429256594724,
  "flip_strict": 0.20503557476824355
}