q90,q97,alpha,beta,activation,score,integrity,agency,stability
0.8,0.9,0.6,2.0,0.20298507462686566,0.5598021900388556,0.3691275167785235,0.6319321794418933,0.796891557753444
