n_proposals,runtime_sec,mean_hdi,max_hdi,stability_daws,fairness_daws,flip_rate,daws_improve
2000,18.273275200044736,0.4072701257240664,0.9544820593278608,0.7499059611153962,0.050865358201666,0.2514390799007557,1.9260297252575185
5000,16.008986499975435,0.4091439936303259,0.9490788622125532,0.7493136911381606,0.0503561617807267,0.2511585746713182,2.0037297226218
20000,17.35768969997298,0.4103662284392145,0.9502505114519516,0.7495222934785257,0.0507377304425398,0.2506330087212843,1.991968615083833
30000,20.446411499986425,0.4105338850606245,0.9511434504234983,0.7485634485866812,0.0502502433814657,0.2513687578156243,2.0386999105504016
50000,22.613961199997,0.4105603520582778,0.95081661180024,0.7491435949245873,0.050366585136441,0.251410894428943,1.9957165768475984
80000,28.03738200000953,0.4107045921579464,0.9503013330092978,0.7490333129800235,0.0502261281009912,0.2512830296234904,2.0089106686413856
100000,34.360952500021085,0.4106223358963786,0.9509680388858954,0.7487423673982591,0.050210908635164926,0.25137654615212274,2.0156423490123796
