seasons_feasible,max_hdi_width,flip_rate,daws_improve
34,0.9219193434698639,0.25366595679951326,1.924072819981674
