seasons_feasible,mean_hdi_width,median_hdi_width,p90_hdi_width,max_hdi_width,flip_rate,daws_improve,stability_daws,fairness_daws,fast_strict_mae,fast_strict_top1,fast_strict_top2,fast_strict_delta_fairness,fast_strict_delta_agency,fast_strict_delta_flip
34,0.38400178505917176,0.34017182986841293,0.5855899412768388,0.946892809886114,0.25129234324636623,2.697763121300009,0.7446937906708022,0.05341581758264674,0.004522754464847319,0.7671641791044777,0.8,0.00013546527965438426,0.0033896081592219574,0.0034911610031888307
