seasons_feasible,mean_hdi_width,max_hdi_width,flip_rate,daws_improve,stability_daws,fairness_daws
34,0.4106223358963786,0.9509680388858954,0.25137654615212274,2.0156423490123796,0.7487423673982591,0.050210908635164926
