seasons_feasible,max_hdi_width,flip_rate,daws_improve
34,0.9502505114519515,0.2506330087212843,2.0029488951101357
