{
  "seasons_feasible": 34,
  "mean_hdi_width": 0.40629254127317116,
  "median_hdi_width": 0.3613520423113442,
  "p90_hdi_width": 0.5956981051458242,
  "max_hdi_width": 0.9532951674209844,
  "flip_rate": 0.2800639654965158,
  "daws_improve": -7.852825728003792,
  "stability_daws": 0.8430817575697969,
  "integrity_daws": 0.42287652886400534,
  "fairness_daws": 0.052943131997807744,
  "audit_weak_rate": 0.07462686567164178,
  "fast_strict_mae": 0.020185894011067036,
  "fast_strict_top1": 0.3058823529411765,
  "fast_strict_top2": 0.2823529411764706,
  "fast_strict_delta_fairness": 0.026244181023060358,
  "fast_strict_delta_agency": 0.0012364558540179926,
  "fast_strict_delta_flip": 0.02207439835279007
}