{
  "seasons_feasible": 34,
  "mean_hdi_width": 0.4057743810191345,
  "median_hdi_width": 0.36032956637029667,
  "p90_hdi_width": 0.592778868888069,
  "max_hdi_width": 0.9511267361653248,
  "flip_rate": 0.2572163961479494,
  "daws_improve": -9.615639960094443,
  "percent_agency": 0.6873136065657324,
  "percent_stability": 0.7677047073425066,
  "percent_integrity": 0.39637317119199506,
  "rank_agency": 0.5017700919208046,
  "rank_stability": 0.8383658125686169,
  "rank_integrity": 0.5147950757007016,
  "daws_agency": 0.5775369136484418,
  "stability_daws": 0.8415244279572588,
  "integrity_daws": 0.4613568959888477,
  "fairness_daws": 0.04944954041295138,
  "audit_weak_rate": 0.01791044776119403,
  "fast_strict_mae": 0.02381457508937087,
  "fast_strict_top1": 0.26618705035971224,
  "fast_strict_top2": 0.22302158273381295,
  "fast_strict_delta_fairness": 0.1044803796840418,
  "fast_strict_delta_agency": 0.08108586261937434,
  "fast_strict_delta_flip": 0.12130735089122888
}