seasons_feasible,mean_hdi_width,median_hdi_width,p90_hdi_width,max_hdi_width,flip_rate,daws_improve,stability_daws,integrity_daws,fairness_daws,audit_weak_rate,fast_strict_mae,fast_strict_top1,fast_strict_top2,fast_strict_delta_fairness,fast_strict_delta_agency,fast_strict_delta_flip
34,0.40629254127317116,0.3613520423113442,0.5956981051458242,0.9532951674209844,0.2800639654965158,-7.852825728003792,0.8430817575697969,0.42287652886400534,0.052943131997807744,0.07462686567164178,0.020185894011067036,0.3058823529411765,0.2823529411764706,0.026244181023060358,0.0012364558540179926,0.02207439835279007
