seasons_feasible,mean_hdi_width,median_hdi_width,p90_hdi_width,max_hdi_width,flip_rate,daws_improve,percent_agency,percent_stability,percent_integrity,rank_agency,rank_stability,rank_integrity,daws_agency,stability_daws,integrity_daws,fairness_daws,audit_weak_rate,fast_strict_mae,fast_strict_top1,fast_strict_top2,fast_strict_delta_fairness,fast_strict_delta_agency,fast_strict_delta_flip
34,0.4057743810191345,0.36032956637029667,0.592778868888069,0.9511267361653248,0.2572163961479494,-9.615639960094443,0.6873136065657324,0.7677047073425066,0.39637317119199506,0.5017700919208046,0.8383658125686169,0.5147950757007016,0.5775369136484418,0.8415244279572588,0.4613568959888477,0.04944954041295138,0.01791044776119403,0.02381457508937087,0.26618705035971224,0.22302158273381295,0.1044803796840418,0.08108586261937434,0.12130735089122888
