{
  "seasons_feasible": 34,
  "max_hdi_width": 0.9530992884990341,
  "flip_rate": 0.25008372659461103,
  "daws_improve": 1.911794053083216
}