seasons_feasible,max_hdi_width,flip_rate,daws_improve
34,0.9530992884990341,0.25008372659461103,1.911794053083216
