seasons_feasible,mean_hdi_width,median_hdi_width,p90_hdi_width,max_hdi_width,flip_rate,daws_improve,stability_daws,integrity_daws,fairness_daws,audit_weak_rate,fast_strict_mae,fast_strict_top1,fast_strict_top2,fast_strict_delta_fairness,fast_strict_delta_agency,fast_strict_delta_flip
34,0.5242942505399736,0.40444314536703896,0.8253839399085662,0.9480448185747569,0.33042253521126763,-7.95047046924326,0.8267840375586855,0.3672535211267606,-0.0010072397291807783,0.7880597014925373,0.020185894011067036,0.3058823529411765,0.2823529411764706,0.026244181023060358,0.0012364558540179926,0.02207439835279007
