{
  "seasons_feasible": 34,
  "max_hdi_width": 0.9502505114519515,
  "flip_rate": 0.2506330087212843,
  "daws_improve": 2.0029488951101357
}