{
  "seasons_feasible": 34,
  "mean_hdi_width": 0.5242942505399736,
  "median_hdi_width": 0.40444314536703896,
  "p90_hdi_width": 0.8253839399085662,
  "max_hdi_width": 0.9480448185747569,
  "flip_rate": 0.33042253521126763,
  "daws_improve": -7.95047046924326,
  "stability_daws": 0.8267840375586855,
  "integrity_daws": 0.3672535211267606,
  "fairness_daws": -0.0010072397291807783,
  "audit_weak_rate": 0.7880597014925373,
  "fast_strict_mae": 0.020185894011067036,
  "fast_strict_top1": 0.3058823529411765,
  "fast_strict_top2": 0.2823529411764706,
  "fast_strict_delta_fairness": 0.026244181023060358,
  "fast_strict_delta_agency": 0.0012364558540179926,
  "fast_strict_delta_flip": 0.02207439835279007
}