{
  "seasons_feasible": 34,
  "max_hdi_width": 0.9219193434698639,
  "flip_rate": 0.25366595679951326,
  "daws_improve": 1.4742408460860568
}