{
  "seasons_feasible": 34,
  "mean_hdi_width": 0.4106223358963786,
  "max_hdi_width": 0.9509680388858954,
  "flip_rate": 0.25137654615212274,
  "daws_improve": 2.0156423490123796,
  "stability_daws": 0.7487423673982591,
  "fairness_daws": 0.050210908635164926
}