{
  "seasons_feasible": 34,
  "mean_hdi_width": 0.4057743810191345,
  "median_hdi_width": 0.36032956637029667,
  "p90_hdi_width": 0.592778868888069,
  "max_hdi_width": 0.9511267361653248,
  "flip_rate": 0.25720695063079546,
  "daws_improve": -9.711694585286642,
  "percent_agency": 0.6873125297455673,
  "percent_stability": 0.7673622853411778,
  "percent_integrity": 0.39637453621021324,
  "rank_agency": 0.5017780186886536,
  "rank_stability": 0.8384396413795193,
  "rank_integrity": 0.5148009810613288,
  "daws_agency": 0.5775375250448207,
  "stability_daws": 0.8418861668561888,
  "integrity_daws": 0.4613619285665581,
  "fairness_daws": 0.04944580776596292,
  "audit_weak_rate": 0.01791044776119403,
  "fast_strict_mae": 0.02381457508937087,
  "fast_strict_top1": 0.26618705035971224,
  "fast_strict_top2": 0.22302158273381295,
  "fast_strict_delta_fairness": 0.1044803796840418,
  "fast_strict_delta_agency": 0.08108586261937434,
  "fast_strict_delta_flip": 0.12130735089122888
}