seasons_feasible,mean_hdi_width,median_hdi_width,p90_hdi_width,max_hdi_width,flip_rate,daws_improve,percent_agency,percent_stability,percent_integrity,rank_agency,rank_stability,rank_integrity,daws_agency,stability_daws,integrity_daws,fairness_daws,audit_weak_rate,fast_strict_mae,fast_strict_top1,fast_strict_top2,fast_strict_delta_fairness,fast_strict_delta_agency,fast_strict_delta_flip
34,0.5242219281925835,0.4096129190963924,0.8274691655579682,0.9447601843068125,0.33422800027958344,-8.564966805281973,0.741553085902006,0.7664499895156217,0.30592017893338924,0.4770671699168239,0.8332424687216048,0.4760746487733277,0.6169567344656461,0.8320961766967219,0.37007059481372756,-0.001660054706531404,0.7850746268656716,0.02381457508937087,0.26618705035971224,0.22302158273381295,0.1044803796840418,0.08108586261937434,0.12130735089122888
