seasons_feasible,mean_hdi_width,median_hdi_width,p90_hdi_width,max_hdi_width,flip_rate,daws_improve,stability_daws,fairness_daws,fast_strict_mae,fast_strict_top1,fast_strict_top2,fast_strict_delta_fairness,fast_strict_delta_agency,fast_strict_delta_flip
34,0.4106223358963786,0.36614340901427,0.5961489803844834,0.9509680388858954,0.25137654615212274,2.01852234609743,0.7488494048194094,0.050210908635164926,0.004522754464847319,0.7671641791044777,0.8,0.00013546527965438426,0.0033896081592219574,0.0034911610031888307
