{
  "seasons_feasible": 34,
  "mean_hdi_width": 0.40387797013295634,
  "median_hdi_width": 0.3609094709953871,
  "p90_hdi_width": 0.59624753602269,
  "max_hdi_width": 0.9542496741145488,
  "flip_rate": 0.25783246057314624,
  "daws_improve": -9.763792240502452,
  "percent_agency": 0.6864090755507919,
  "percent_stability": 0.7665726453730508,
  "percent_integrity": 0.39614483817322277,
  "rank_agency": 0.5005150749674391,
  "rank_stability": 0.8379219767657252,
  "rank_integrity": 0.5146034170283743,
  "daws_agency": 0.5762948349346657,
  "stability_daws": 0.8414192058397991,
  "integrity_daws": 0.4611878532244683,
  "fairness_daws": 0.049296092478310294,
  "audit_weak_rate": 0.0029850746268656717,
  "fast_strict_mae": 0.02381457508937087,
  "fast_strict_top1": 0.26618705035971224,
  "fast_strict_top2": 0.22302158273381295,
  "fast_strict_delta_fairness": 0.1044803796840418,
  "fast_strict_delta_agency": 0.08108586261937434,
  "fast_strict_delta_flip": 0.12130735089122888
}