{
  "seasons_feasible": 34,
  "mean_hdi_width": 0.41236616291915595,
  "median_hdi_width": 0.36681816950996426,
  "p90_hdi_width": 0.5988594739142548,
  "max_hdi_width": 0.9532951674209844,
  "flip_rate": 0.25713861059922444,
  "daws_improve": -9.680252701327385,
  "stability_daws": 0.8423243501117836,
  "integrity_daws": 0.4610056676509442,
  "fairness_daws": 0.04901848067718225,
  "audit_weak_rate": 0.06865671641791045,
  "fast_strict_mae": 0.02381457508937087,
  "fast_strict_top1": 0.26618705035971224,
  "fast_strict_top2": 0.22302158273381295,
  "fast_strict_delta_fairness": 0.1044803796840418,
  "fast_strict_delta_agency": 0.08108586261937434,
  "fast_strict_delta_flip": 0.12130735089122888
}