{
  "seasons_feasible": 34,
  "mean_hdi_width": 0.5242219281925835,
  "median_hdi_width": 0.4096129190963924,
  "p90_hdi_width": 0.8274691655579682,
  "max_hdi_width": 0.9447601843068125,
  "flip_rate": 0.33422800027958344,
  "daws_improve": -8.564966805281973,
  "percent_agency": 0.741553085902006,
  "percent_stability": 0.7664499895156217,
  "percent_integrity": 0.30592017893338924,
  "rank_agency": 0.4770671699168239,
  "rank_stability": 0.8332424687216048,
  "rank_integrity": 0.4760746487733277,
  "daws_agency": 0.6169567344656461,
  "stability_daws": 0.8320961766967219,
  "integrity_daws": 0.37007059481372756,
  "fairness_daws": -0.001660054706531404,
  "audit_weak_rate": 0.7850746268656716,
  "fast_strict_mae": 0.02381457508937087,
  "fast_strict_top1": 0.26618705035971224,
  "fast_strict_top2": 0.22302158273381295,
  "fast_strict_delta_fairness": 0.1044803796840418,
  "fast_strict_delta_agency": 0.08108586261937434,
  "fast_strict_delta_flip": 0.12130735089122888
}