seasons_feasible,mean_hdi_width,median_hdi_width,p90_hdi_width,max_hdi_width,flip_rate,daws_improve,percent_agency,percent_stability,percent_integrity,rank_agency,rank_stability,rank_integrity,daws_agency,stability_daws,integrity_daws,fairness_daws,audit_weak_rate,fast_strict_mae,fast_strict_top1,fast_strict_top2,fast_strict_delta_fairness,fast_strict_delta_agency,fast_strict_delta_flip
34,0.4057743810191345,0.36032956637029667,0.592778868888069,0.9511267361653248,0.25720695063079546,-9.711694585286642,0.6873125297455673,0.7673622853411778,0.39637453621021324,0.5017780186886536,0.8384396413795193,0.5148009810613288,0.5775375250448207,0.8418861668561888,0.4613619285665581,0.04944580776596292,0.01791044776119403,0.02381457508937087,0.26618705035971224,0.22302158273381295,0.1044803796840418,0.08108586261937434,0.12130735089122888
