{
  "seasons_feasible": 34,
  "mean_hdi_width": 0.38400178505917176,
  "median_hdi_width": 0.34017182986841293,
  "p90_hdi_width": 0.5855899412768388,
  "max_hdi_width": 0.946892809886114,
  "flip_rate": 0.25129234324636623,
  "daws_improve": 5.513814351023657,
  "stability_daws": 0.7227391595207687,
  "integrity_daws": 0.29237365444262,
  "fairness_daws": 0.05341581758264674,
  "fast_strict_mae": 0.004522754464847319,
  "fast_strict_top1": 0.7671641791044777,
  "fast_strict_top2": 0.8,
  "fast_strict_delta_fairness": 0.00013546527965438426,
  "fast_strict_delta_agency": 0.0033896081592219574,
  "fast_strict_delta_flip": 0.0034911610031888307
}