seasons_feasible,mean_hdi_width,median_hdi_width,p90_hdi_width,max_hdi_width,flip_rate,daws_improve,stability_daws,integrity_daws,fairness_daws,audit_weak_rate,fast_strict_mae,fast_strict_top1,fast_strict_top2,fast_strict_delta_fairness,fast_strict_delta_agency,fast_strict_delta_flip
34,0.41236616291915595,0.36681816950996426,0.5988594739142548,0.9532951674209844,0.25713861059922444,-9.680252701327385,0.8423243501117836,0.4610056676509442,0.04901848067718225,0.06865671641791045,0.02381457508937087,0.26618705035971224,0.22302158273381295,0.1044803796840418,0.08108586261937434,0.12130735089122888
