seasons_feasible,mean_hdi_width,median_hdi_width,p90_hdi_width,max_hdi_width,flip_rate,daws_improve,percent_agency,percent_stability,percent_integrity,rank_agency,rank_stability,rank_integrity,daws_agency,stability_daws,integrity_daws,fairness_daws,audit_weak_rate,fast_strict_mae,fast_strict_top1,fast_strict_top2,fast_strict_delta_fairness,fast_strict_delta_agency,fast_strict_delta_flip
34,0.40387797013295634,0.3609094709953871,0.59624753602269,0.9542496741145488,0.25783246057314624,-9.763792240502452,0.6864090755507919,0.7665726453730508,0.39614483817322277,0.5005150749674391,0.8379219767657252,0.5146034170283743,0.5762948349346657,0.8414192058397991,0.4611878532244683,0.049296092478310294,0.0029850746268656717,0.02381457508937087,0.26618705035971224,0.22302158273381295,0.1044803796840418,0.08108586261937434,0.12130735089122888
